gt_boxes,pred_boxes,matched_boxes_iou50,box_recall_iou50,box_precision_iou50,mean_best_iou_per_gt,pred_tracklets,method
10137,8302,5470,0.5396073789089474,0.6588773789448326,0.5112797581670531,88,yolo11x_bytetrack_recall_loose_s42300_n300_imgsz1536_conf0.01
10137,8302,5470,0.5396073789089474,0.6588773789448326,0.5112797581670531,88,yolo11x_bytetrack_recall_loose_s42300_n300_imgsz1536_conf0.05
10137,5714,4656,0.4593074874223143,0.8148407420371019,0.43066901544658137,31,loose-solider+interp60
10137,5332,4424,0.4364210318634705,0.8297074268567142,0.4088317023234297,31,loose-solider
10137,2503,2358,0.23261319917135248,0.9420695165801038,0.23755304042255118,9,yolov8x-botsort
