file,tracker,frames,conf,gt_boxes,pred_boxes,matched,recall,precision,tracklets,fps
yolo11x_bytetrack_recall_loose_s42300_n300_imgsz1536_conf0.01_metrics.json,bytetrack_recall_loose,300,0.01,10137,8302,5470,0.5396073789089474,0.6588773789448326,88,17.303369952157215
yolo11x_bytetrack_recall_loose_s42300_n300_imgsz1536_conf0.05_metrics.json,bytetrack_recall_loose,300,0.05,10137,8302,5470,0.5396073789089474,0.6588773789448326,88,17.331753542752004
yolo11x_botsort_recall_loose_s42300_n600_imgsz1536_conf0.05_metrics.json,botsort_recall_loose,600,0.05,20443,16275,10998,0.5379836618891553,0.6757603686635945,117,11.51436046527163
yolo11x_bytetrack_recall_loose_s42300_n600_imgsz1536_conf0.05_metrics.json,bytetrack_recall_loose,600,0.05,20443,16176,10932,0.5347551729198259,0.6758160237388724,126,21.412209501497458
yolo11x_bytetrack_recall_loose_s42300_n600_imgsz1536_conf0.25_metrics.json,bytetrack_recall_loose,600,0.25,20443,15712,10751,0.5259012865039377,0.6842540733197556,109,21.656737738255902
yolo11x_bytetrack_recall_loose_s42300_n600_imgsz1536_conf0.4_metrics.json,bytetrack_recall_loose,600,0.4,20443,13093,9675,0.4732671330039622,0.7389444741464904,69,22.202785850647732
yolo11x_bytetrack_recall_ultraloose_s42300_n600_imgsz1536_conf0.01_metrics.json,bytetrack_recall_ultraloose,600,0.01,20443,19369,11632,0.5689967225945312,0.6005472662501936,88,18.916475554380973
yolo11x_bytetrack_recall_ultraloose_s42300_n600_imgsz1536_conf0.03_metrics.json,bytetrack_recall_ultraloose,600,0.03,20443,19369,11632,0.5689967225945312,0.6005472662501936,88,20.295231145395984
