scales,shifts,gt_boxes,pred_boxes,matched,recall,precision,mean_best_iou
"0.5,0.75,1.0,1.25,1.5,2.0","[(0, 0), (0.25, 0), (-0.25, 0), (0, 0.25), (0, -0.25)]",20443,134309880,20245,0.9903145330920119,0.00015073351267978202,0.8535112335734496
