scales,gt_boxes,pred_boxes,matched,recall,precision,mean_best_iou
1.0,5079,1129456,4874,0.9596377239614097,0.004315351815387231,0.8031322093209725
"0.9,1.0,1.1",5079,3388368,4941,0.9728292971057295,0.0014582241362213312,0.8270221336281405
"0.8,1.0,1.2",5079,3388368,4968,0.9781453041937389,0.0014661925741241801,0.8274072314304388
"0.75,1.0,1.25,1.5",5079,4517824,4984,0.9812955306162631,0.0011031859585499569,0.8274483404840772
"0.6,0.8,1.0,1.2,1.5",5079,5647280,5025,0.9893679858239811,0.0008898088991514499,0.8342109427621234
"0.5,0.75,1.0,1.25,1.5,2.0",5079,6776736,5054,0.9950777712148061,0.0007457867622407011,0.8315190623198098
