scales,shifts,gt_boxes,pred_boxes,matched,recall,precision,mean_best_iou
"0.5,0.75,1.0,1.25,1.5,2.0",1,5079,6776736,5054,0.9950777712148061,0.0007457867622407011,0.8315190623198098
"0.5,0.75,1.0,1.25,1.5,2.0",5,5079,33883680,5074,0.9990155542429612,0.0001497476071076105,0.8692585847999437
"0.5,0.75,1.0,1.25,1.5,2.0",5,5079,33883680,5076,0.9994093325457767,0.00014980663257355752,0.8618438634882132
"0.4,0.6,0.8,1.0,1.2,1.5,2.0,2.5",5,5079,45178240,5074,0.9990155542429612,0.00011231070533070788,0.8693332504622351
