scales,shifts,gt_boxes,pred_boxes,matched,recall,precision,mean_best_iou
"0.5,0.75,1.0,1.25,1.5,2.0","[(0, 0), (0.25, 0), (-0.25, 0), (0, 0.25), (0, -0.25)]",10137,68526300,10099,0.996251356417086,0.00014737407389571596,0.8587216699315227
