scales,gt_boxes,pred_boxes,matched,recall,precision,mean_best_iou
1.0,10137,2284210,9674,0.9543257373976521,0.004235162266166421,0.7948384859463027
"0.8,1.0,1.2",10137,6852630,9884,0.9750419256190195,0.0014423659237402281,0.8211600280748581
"0.75,1.0,1.25,1.5",10137,9136840,9909,0.9775081385025155,0.0010845106185508337,0.8214137872474052
"0.6,0.8,1.0,1.2,1.5",10137,11421050,9960,0.9825392127848476,0.0008720739336575884,0.8279963640887933
"0.5,0.75,1.0,1.25,1.5,2.0",10137,13705260,9998,0.9862878563677616,0.0007295009361369284,0.8247148868456338
