{
  "aggregate": {
    "videos": 10,
    "gt_boxes": 1685704,
    "pred_boxes": 1061652,
    "matched_boxes_iou50": 981090,
    "box_recall_iou50": 0.5820060935965033,
    "box_precision_iou50": 0.9241163771179256,
    "mean_best_iou_per_gt_weighted": 0.5571170791866825,
    "weighted_pred_tracklet_purity_by_matches": 0.9473809742225484,
    "mean_pred_fragments_per_gt_id_unweighted_video_mean": 6.529285714285715
  },
  "per_video": [
    {
      "video": "vlincs_MS01_MC0001_MCAM00_2024-03-Tc6",
      "gt_boxes": 40171,
      "pred_boxes": 36914,
      "matched_boxes_iou50": 36473,
      "box_recall_iou50": 0.9079435413606831,
      "box_precision_iou50": 0.9880533131061386,
      "mean_best_iou_per_gt": 0.8759138023816546,
      "gt_ids": 20,
      "gt_tracklets": 34,
      "pred_tracklets": 50,
      "weighted_pred_tracklet_purity": 0.999862912291284,
      "mean_pred_tracklet_purity": 0.9997134730894692,
      "mean_pred_fragments_per_gt_id": 2.4,
      "max_pred_fragments_per_gt_id": 10
    },
    {
      "video": "vlincs_MS01_MC0001_MCAM00_2024-03-Tc8",
      "gt_boxes": 54564,
      "pred_boxes": 52172,
      "matched_boxes_iou50": 51603,
      "box_recall_iou50": 0.9457334506267869,
      "box_precision_iou50": 0.9890937667714483,
      "mean_best_iou_per_gt": 0.8986279970943245,
      "gt_ids": 21,
      "gt_tracklets": 84,
      "pred_tracklets": 90,
      "weighted_pred_tracklet_purity": 0.964711353991047,
      "mean_pred_tracklet_purity": 0.9789444283967504,
      "mean_pred_fragments_per_gt_id": 3.9523809523809526,
      "max_pred_fragments_per_gt_id": 11
    },
    {
      "video": "vlincs_MS01_MC0001_MCAM03_2024-03-Tc6",
      "gt_boxes": 191953,
      "pred_boxes": 131582,
      "matched_boxes_iou50": 124814,
      "box_recall_iou50": 0.6502320880632239,
      "box_precision_iou50": 0.9485643933060753,
      "mean_best_iou_per_gt": 0.6310661647923729,
      "gt_ids": 36,
      "gt_tracklets": 203,
      "pred_tracklets": 231,
      "weighted_pred_tracklet_purity": 0.9456871825276011,
      "mean_pred_tracklet_purity": 0.920332882545649,
      "mean_pred_fragments_per_gt_id": 5.916666666666667,
      "max_pred_fragments_per_gt_id": 22
    },
    {
      "video": "vlincs_MS01_MC0001_MCAM03_2024-03-Tc8",
      "gt_boxes": 134125,
      "pred_boxes": 86857,
      "matched_boxes_iou50": 82228,
      "box_recall_iou50": 0.6130698974836906,
      "box_precision_iou50": 0.9467055044498428,
      "mean_best_iou_per_gt": 0.5792344826281758,
      "gt_ids": 36,
      "gt_tracklets": 286,
      "pred_tracklets": 261,
      "weighted_pred_tracklet_purity": 0.9481077005399621,
      "mean_pred_tracklet_purity": 0.9570188705672197,
      "mean_pred_fragments_per_gt_id": 6.972222222222222,
      "max_pred_fragments_per_gt_id": 17
    },
    {
      "video": "vlincs_MS01_MC0001_MCAM04_2024-03-Tc6",
      "gt_boxes": 776465,
      "pred_boxes": 338341,
      "matched_boxes_iou50": 318281,
      "box_recall_iou50": 0.40991029859684597,
      "box_precision_iou50": 0.9407107031072203,
      "mean_best_iou_per_gt": 0.39589700526392235,
      "gt_ids": 36,
      "gt_tracklets": 473,
      "pred_tracklets": 689,
      "weighted_pred_tracklet_purity": 0.9389061866715261,
      "mean_pred_tracklet_purity": 0.9441961919371076,
      "mean_pred_fragments_per_gt_id": 17.88888888888889,
      "max_pred_fragments_per_gt_id": 45
    },
    {
      "video": "vlincs_MS01_MC0001_MCAM05_2024-03-Tc6",
      "gt_boxes": 17383,
      "pred_boxes": 43111,
      "matched_boxes_iou50": 13756,
      "box_recall_iou50": 0.7913478686072599,
      "box_precision_iou50": 0.31908329660643453,
      "mean_best_iou_per_gt": 0.7442034601173618,
      "gt_ids": 20,
      "gt_tracklets": 42,
      "pred_tracklets": 298,
      "weighted_pred_tracklet_purity": 0.9852428031404478,
      "mean_pred_tracklet_purity": 0.9829262899612508,
      "mean_pred_fragments_per_gt_id": 2.65,
      "max_pred_fragments_per_gt_id": 5
    },
    {
      "video": "vlincs_MS01_MC0001_MCAM05_2024-03-Tc8",
      "gt_boxes": 19559,
      "pred_boxes": 18143,
      "matched_boxes_iou50": 17638,
      "box_recall_iou50": 0.901784344802904,
      "box_precision_iou50": 0.9721655734994212,
      "mean_best_iou_per_gt": 0.8399191953130156,
      "gt_ids": 21,
      "gt_tracklets": 89,
      "pred_tracklets": 77,
      "weighted_pred_tracklet_purity": 0.9745435990475111,
      "mean_pred_tracklet_purity": 0.9707864815641116,
      "mean_pred_fragments_per_gt_id": 3.4285714285714284,
      "max_pred_fragments_per_gt_id": 6
    },
    {
      "video": "vlincs_MS01_MC0001_MCAM06_2024-03-Tc6",
      "gt_boxes": 52310,
      "pred_boxes": 34532,
      "matched_boxes_iou50": 32942,
      "box_recall_iou50": 0.6297457465111833,
      "box_precision_iou50": 0.9539557511873046,
      "mean_best_iou_per_gt": 0.6057403289056406,
      "gt_ids": 20,
      "gt_tracklets": 73,
      "pred_tracklets": 68,
      "weighted_pred_tracklet_purity": 0.9081112257907838,
      "mean_pred_tracklet_purity": 0.911439192885547,
      "mean_pred_fragments_per_gt_id": 3.1,
      "max_pred_fragments_per_gt_id": 8
    },
    {
      "video": "vlincs_MS01_MC0001_MCAM06_2024-03-Tc8",
      "gt_boxes": 40644,
      "pred_boxes": 29765,
      "matched_boxes_iou50": 28114,
      "box_recall_iou50": 0.6917134140340517,
      "box_precision_iou50": 0.94453216865446,
      "mean_best_iou_per_gt": 0.637477875013912,
      "gt_ids": 21,
      "gt_tracklets": 94,
      "pred_tracklets": 102,
      "weighted_pred_tracklet_purity": 0.9775556662161201,
      "mean_pred_tracklet_purity": 0.9762435614441182,
      "mean_pred_fragments_per_gt_id": 4.761904761904762,
      "max_pred_fragments_per_gt_id": 10
    },
    {
      "video": "vlincs_MS01_MC0001_MCAM08_2024-03-Tc6",
      "gt_boxes": 358530,
      "pred_boxes": 290235,
      "matched_boxes_iou50": 275241,
      "box_recall_iou50": 0.767693080076981,
      "box_precision_iou50": 0.9483384154219856,
      "mean_best_iou_per_gt": 0.7300086048971262,
      "gt_ids": 36,
      "gt_tracklets": 509,
      "pred_tracklets": 540,
      "weighted_pred_tracklet_purity": 0.9455132047914373,
      "mean_pred_tracklet_purity": 0.9502159526608438,
      "mean_pred_fragments_per_gt_id": 14.222222222222221,
      "max_pred_fragments_per_gt_id": 30
    }
  ]
}
