run,videos,gt_boxes,pred_boxes,matched_boxes_iou50,box_recall_iou50,box_precision_iou50,mean_best_iou_per_gt_weighted,weighted_pred_tracklet_purity_by_matches,mean_pred_fragments_per_gt_id_unweighted_video_mean
yolo26x-botsort-loose-solider,10,1685704,1353386,1154647,0.6849642641887307,0.853154236854822,0.6370132079334373,0.9481997528248893,10.359920634920636
yolo26x-botsort-loose,10,1685704,1344281,1151353,0.6830101844689221,0.8564823872389775,0.6353740937191079,0.9630582453860805,10.275873015873016
yolov8x-botsort,10,1685704,1061652,981090,0.5820060935965033,0.9241163771179256,0.5571170791866825,0.9473809742225484,6.529285714285715
