height,gt_boxes,covered,mean_area,mean_height,mean_best_iou,best_iou_recall50
"(8.999, 55.0]",155723,6662,1215.0606525689848,38.10256673709086,0.12466633872262615,0.04278109206732467
"(55.0, 129.0]",155713,43767,3713.2204889765144,86.56590650748493,0.33236778282896184,0.2810747978653035
"(129.0, 211.0]",155738,115083,10696.299554379792,172.65381602434857,0.6287976548998939,0.7389525998792844
"(211.0, 273.0]",154757,135906,17896.74803724549,245.95079382515814,0.7603218516245933,0.8781896780113339
"(273.0, 559.0]",154534,151428,33569.71032264744,326.8050914361888,0.8837527086327214,0.9799008632404519
