occluded,gt_boxes,covered,mean_depth,mean_area,mean_best_iou,best_iou_recall50
False,776465,452846,12.721969370158346,13381.850492939153,0.545201728190022,0.5832149549561152
