gt_boxes,pred_boxes,matched_boxes_iou50,box_recall_iou50,box_precision_iou50,mean_best_iou_per_gt,pred_tracklets,interpolated_boxes,weighted_pred_tracklet_purity,mean_pred_fragments_per_gt_id,run,video,interp_max_gap
776465,513130,428921,0.5524022331978904,0.8358914894860952,0.519921628450237,1678,0,0.9470158840439149,37.583333333333336,yolo26x-botsort-loose-solider,vlincs_MS01_MC0001_MCAM04_2024-03-Tc6,0
776465,555092,451394,0.581344941497685,0.8131877238367694,0.5448252722609006,1678,41962,0.9449992689313549,37.416666666666664,yolo26x-botsort-loose-solider,vlincs_MS01_MC0001_MCAM04_2024-03-Tc6,30
776465,556038,451721,0.5817660808922488,0.8123923185106053,0.5452017281900223,1678,42908,0.9449925949867285,37.47222222222222,yolo26x-botsort-loose-solider,vlincs_MS01_MC0001_MCAM04_2024-03-Tc6,60
776465,556038,451721,0.5817660808922488,0.8123923185106053,0.5452017281900223,1678,42908,0.9449925949867285,37.47222222222222,yolo26x-botsort-loose-solider,vlincs_MS01_MC0001_MCAM04_2024-03-Tc6,120
