depth_bin,gt_boxes,covered,mean_depth,mean_area,mean_best_iou,best_iou_recall50
"(5.741, 9.83]",155300,124426,8.803473515775917,27463.18755312299,0.7200336925095627,0.8011976819059884
"(9.83, 11.548]",155292,100643,10.605331639749634,16793.668862529943,0.6005440794860696,0.648088761816449
"(11.548, 13.524]",155307,105828,12.456921220550266,12971.558133245764,0.6256649150356706,0.6814116556240221
"(13.524, 15.557]",155275,63566,14.639003329576559,5751.298071164064,0.4071477150757319,0.409376911930446
"(15.557, 22.632]",155291,58383,17.105582699576924,3927.9578597600635,0.37258523560895673,0.3759586840190352
