area,gt_boxes,covered,mean_area,mean_height,mean_best_iou,best_iou_recall50
"(89.999, 1980.0]",155332,6541,1124.4447312852471,40.19437076713105,0.11324836136613164,0.04210980351762676
"(1980.0, 5824.0]",155295,37277,3488.437174409994,89.81701278212434,0.3087375274436346,0.24003992401558324
"(5824.0, 12744.0]",155305,108162,9134.725115096102,181.27149802002512,0.6062648862641596,0.6964489230868292
"(12744.0, 22932.0]",155470,147219,17454.016614137774,241.01386119508587,0.796873363796638,0.9469286679102078
"(22932.0, 142245.0]",155063,153647,35739.634832293974,316.33818512475574,0.9012317642265637,0.9908682277525909
