run,score_threshold,videos,gt_boxes,pred_boxes,matched_boxes_iou50,box_recall_iou50,box_precision_iou50,mean_best_iou_per_gt_weighted
yolo26x-botsort-loose-solider,0.05,10,1685704,1353386,1154647,0.6849642641887307,0.853154236854822,0.6370132079334373
yolo26x-botsort-loose-solider,0.1,10,1685704,1353386,1154647,0.6849642641887307,0.853154236854822,0.6370132079334373
yolo26x-botsort-loose-solider,0.15,10,1685704,1353386,1154647,0.6849642641887307,0.853154236854822,0.6370132079334373
yolo26x-botsort-loose-solider,0.25,10,1685704,1353386,1154647,0.6849642641887307,0.853154236854822,0.6370132079334373
