{
  "assa": 0.53789,
  "assigned_tracklets": 7487,
  "assignment_status_counts": {
    "forced_component": 7455,
    "forced_singleton": 28,
    "subpart_reassign": 4
  },
  "deta": 0.517913,
  "detpr": 0.770052,
  "detre": 0.58793,
  "fallback": "singleton",
  "hota": 0.527787,
  "idf1": 0.666778,
  "input_rows": 1723070,
  "input_tracklets": 9734,
  "missing_assignment_tracklets": 2247,
  "per_video": {
    "vlincs_MS01_MC0001_MCAM00_2024-03-Tc6": {
      "assa": 0.835905,
      "deta": 0.79496,
      "detpr": 0.910942,
      "detre": 0.84865,
      "hota": 0.81476,
      "idf1": 0.878694
    },
    "vlincs_MS01_MC0001_MCAM00_2024-03-Tc8": {
      "assa": 0.786603,
      "deta": 0.715036,
      "detpr": 0.906797,
      "detre": 0.761913,
      "hota": 0.74985,
      "idf1": 0.828065
    },
    "vlincs_MS01_MC0001_MCAM03_2024-03-Tc6": {
      "assa": 0.623288,
      "deta": 0.543206,
      "detpr": 0.810903,
      "detre": 0.600122,
      "hota": 0.58162,
      "idf1": 0.689769
    },
    "vlincs_MS01_MC0001_MCAM03_2024-03-Tc8": {
      "assa": 0.556884,
      "deta": 0.475241,
      "detpr": 0.774125,
      "detre": 0.53093,
      "hota": 0.514224,
      "idf1": 0.629868
    },
    "vlincs_MS01_MC0001_MCAM04_2024-03-Tc6": {
      "assa": 0.499929,
      "deta": 0.434094,
      "detpr": 0.701998,
      "detre": 0.502688,
      "hota": 0.465368,
      "idf1": 0.585856
    },
    "vlincs_MS01_MC0001_MCAM05_2024-03-Tc6": {
      "assa": 0.638352,
      "deta": 0.565886,
      "detpr": 0.820234,
      "detre": 0.628564,
      "hota": 0.601013,
      "idf1": 0.711721
    },
    "vlincs_MS01_MC0001_MCAM05_2024-03-Tc8": {
      "assa": 0.728795,
      "deta": 0.666277,
      "detpr": 0.860223,
      "detre": 0.729116,
      "hota": 0.696826,
      "idf1": 0.789262
    },
    "vlincs_MS01_MC0001_MCAM06_2024-03-Tc6": {
      "assa": 0.598228,
      "deta": 0.448875,
      "detpr": 0.838449,
      "detre": 0.480085,
      "hota": 0.518041,
      "idf1": 0.610567
    },
    "vlincs_MS01_MC0001_MCAM06_2024-03-Tc8": {
      "assa": 0.614314,
      "deta": 0.551932,
      "detpr": 0.790347,
      "detre": 0.622104,
      "hota": 0.582124,
      "idf1": 0.696205
    },
    "vlincs_MS01_MC0001_MCAM08_2024-03-Tc6": {
      "assa": 0.680603,
      "deta": 0.650299,
      "detpr": 0.81746,
      "detre": 0.73383,
      "hota": 0.665163,
      "idf1": 0.773391
    }
  },
  "predicted_ids": 2336,
  "scored_rows": 1723070,
  "unmatched_fp": 295307,
  "uses_anchors": false,
  "uses_gt_for_evaluation_only": true,
  "uses_gt_for_training_or_anchors": false,
  "videos_scored": [
    "vlincs_MS01_MC0001_MCAM00_2024-03-Tc6",
    "vlincs_MS01_MC0001_MCAM00_2024-03-Tc8",
    "vlincs_MS01_MC0001_MCAM03_2024-03-Tc6",
    "vlincs_MS01_MC0001_MCAM03_2024-03-Tc8",
    "vlincs_MS01_MC0001_MCAM04_2024-03-Tc6",
    "vlincs_MS01_MC0001_MCAM05_2024-03-Tc6",
    "vlincs_MS01_MC0001_MCAM05_2024-03-Tc8",
    "vlincs_MS01_MC0001_MCAM06_2024-03-Tc6",
    "vlincs_MS01_MC0001_MCAM06_2024-03-Tc8",
    "vlincs_MS01_MC0001_MCAM08_2024-03-Tc6"
  ],
  "zip_files": 10,
  "zip_out": "local_runs/continued_no_anchor_local_gated_subpart_20260624/combo_delivery_scores/combo_top3_siglip1_weak3_weak1_full_export.zip"
}
