{
  "assa": 0.50279,
  "assigned_tracklets": 9734,
  "assignment_status_counts": {
    "main_72c55bc_two_tier_component": 9734
  },
  "deta": 0.471458,
  "detpr": 0.74092,
  "detre": 0.544578,
  "fallback": "singleton",
  "hota": 0.486854,
  "idf1": 0.627755,
  "input_rows": 1723070,
  "input_tracklets": 9734,
  "missing_assignment_tracklets": 0,
  "per_video": {
    "vlincs_MS01_MC0001_MCAM00_2024-03-Tc6": {
      "assa": 0.836394,
      "deta": 0.708657,
      "detpr": 0.904472,
      "detre": 0.753888,
      "hota": 0.769475,
      "idf1": 0.822344
    },
    "vlincs_MS01_MC0001_MCAM00_2024-03-Tc8": {
      "assa": 0.737765,
      "deta": 0.620221,
      "detpr": 0.832564,
      "detre": 0.701006,
      "hota": 0.676361,
      "idf1": 0.761142
    },
    "vlincs_MS01_MC0001_MCAM03_2024-03-Tc6": {
      "assa": 0.604234,
      "deta": 0.525168,
      "detpr": 0.808436,
      "detre": 0.578936,
      "hota": 0.563077,
      "idf1": 0.674704
    },
    "vlincs_MS01_MC0001_MCAM03_2024-03-Tc8": {
      "assa": 0.521551,
      "deta": 0.425742,
      "detpr": 0.748931,
      "detre": 0.479713,
      "hota": 0.470761,
      "idf1": 0.584827
    },
    "vlincs_MS01_MC0001_MCAM04_2024-03-Tc6": {
      "assa": 0.473088,
      "deta": 0.398747,
      "detpr": 0.694655,
      "detre": 0.460806,
      "hota": 0.433926,
      "idf1": 0.554067
    },
    "vlincs_MS01_MC0001_MCAM05_2024-03-Tc6": {
      "assa": 0.545612,
      "deta": 0.200021,
      "detpr": 0.232061,
      "detre": 0.575914,
      "hota": 0.330342,
      "idf1": 0.33082
    },
    "vlincs_MS01_MC0001_MCAM05_2024-03-Tc8": {
      "assa": 0.699681,
      "deta": 0.55454,
      "detpr": 0.806802,
      "detre": 0.626748,
      "hota": 0.62288,
      "idf1": 0.705467
    },
    "vlincs_MS01_MC0001_MCAM06_2024-03-Tc6": {
      "assa": 0.564268,
      "deta": 0.364111,
      "detpr": 0.757649,
      "detre": 0.403433,
      "hota": 0.452971,
      "idf1": 0.52651
    },
    "vlincs_MS01_MC0001_MCAM06_2024-03-Tc8": {
      "assa": 0.58192,
      "deta": 0.435341,
      "detpr": 0.687517,
      "detre": 0.526887,
      "hota": 0.503119,
      "idf1": 0.596578
    },
    "vlincs_MS01_MC0001_MCAM08_2024-03-Tc6": {
      "assa": 0.669261,
      "deta": 0.629162,
      "detpr": 0.827567,
      "detre": 0.701215,
      "hota": 0.648813,
      "idf1": 0.759169
    }
  },
  "predicted_ids": 114,
  "scored_rows": 1723070,
  "unmatched_fp": 315309,
  "uses_anchors": false,
  "uses_gt_for_evaluation_only": true,
  "uses_gt_for_training_or_anchors": false,
  "videos_scored": [
    "vlincs_MS01_MC0001_MCAM00_2024-03-Tc6",
    "vlincs_MS01_MC0001_MCAM00_2024-03-Tc8",
    "vlincs_MS01_MC0001_MCAM03_2024-03-Tc6",
    "vlincs_MS01_MC0001_MCAM03_2024-03-Tc8",
    "vlincs_MS01_MC0001_MCAM04_2024-03-Tc6",
    "vlincs_MS01_MC0001_MCAM05_2024-03-Tc6",
    "vlincs_MS01_MC0001_MCAM05_2024-03-Tc8",
    "vlincs_MS01_MC0001_MCAM06_2024-03-Tc6",
    "vlincs_MS01_MC0001_MCAM06_2024-03-Tc8",
    "vlincs_MS01_MC0001_MCAM08_2024-03-Tc6"
  ],
  "zip_files": 10,
  "zip_out": "local_runs/main_72c55bc_stack_20260625/main_72c55bc_baseline_assignment_score.zip"
}
