{
  "selected": [
    {
      "component_graph_direction_score": 0.7299728509696454,
      "group_internal_sim": 0.69092857837677,
      "moved_tracklets": 69,
      "no_gt_component_graph_score": 0.7299728509696454,
      "rank": 1,
      "same_video_overlap_ratio": 0.011180992313067784,
      "score": 0.7299728509696454,
      "selection_rule": "rank04_small_combo_component_graph_high_mass_bridge",
      "source_component": 37,
      "source_component_label": 37,
      "source_predicted_global_id": 96000040,
      "source_rest_margin_mean": 0.0,
      "source_seqs": [
        389,
        986,
        1125,
        1201,
        1681,
        1683,
        1685,
        1686,
        1696,
        1710,
        1712,
        1714,
        1722,
        1724,
        1730,
        1731,
        1788,
        1789,
        2243,
        2250,
        2285,
        2330,
        2334,
        2353,
        2376,
        2399,
        2433,
        2461,
        2471,
        2505,
        2543,
        2577,
        2613,
        2644,
        2680,
        2745,
        2812,
        2847,
        3538,
        3886,
        3929,
        3967,
        4002,
        4043,
        4079,
        4338,
        4443,
        4494,
        4504,
        4522,
        4547,
        4571,
        4608,
        4648,
        4690,
        4735,
        4780,
        4936,
        5572,
        5664,
        5834,
        5875,
        5890,
        7128,
        7786,
        7943,
        7947,
        8051,
        9366
      ],
      "source_size": 69,
      "target_best_sim": 0.8399081826210022,
      "target_component": 86,
      "target_margin": 0.0,
      "target_min_view_sim": 0.6871576905250549,
      "target_predicted_global_id": 960000350,
      "target_sim": 0.69092857837677,
      "target_size": 128,
      "uses_anchors": false,
      "uses_gt_for_evaluation_only": false,
      "uses_gt_for_training_or_anchors": false
    }
  ],
  "uses_anchors": false,
  "uses_gt_for_evaluation_only": false,
  "uses_gt_for_training_or_anchors": false
}
